1,Travel,2026-02-25 15:46:57.073457+03
2,Photography,2026-02-25 15:47:50.795684+03
3,Hiking,2026-02-25 15:48:27.233595+03
4,Coffee,2026-02-25 15:48:48.659117+03
5,Cooking,2026-02-25 15:49:03.330122+03
6,Music,2026-02-25 15:49:25.472278+03
7,Art,2026-02-25 15:49:32.129873+03
8,Wine,2026-02-25 15:49:39.305546+03
9,Yoga,2026-02-25 15:49:49.440898+03
10,Fitness,2026-02-25 15:50:47.81849+03
11,Reading,2026-02-25 15:51:05.090985+03
12,Movies,2026-02-25 15:51:12.93113+03
13,Rock climbing,2026-02-25 15:51:30.529158+03
14,Technology,2026-02-25 15:51:44.027735+03
15,Gaming,2026-02-25 15:51:55.633568+03